AC NAME,PART NUMBER,LOCALITY,LOCALITY DETAILS
MANGOL PURI,1,ROHINI,"1 - POCKET A-1, SECTOR-4, ROHINI, 2 - POCKET A-2, SECTOR-4, ROHINI"
MANGOL PURI,2,ROHINI,"1 - POCKET A-4, SECTOR-4, ROHINI"
MANGOL PURI,3,ROHINI,"1 - POCKET B-5, SECTOR-4, ROHINI, 2 - POCKET A-3, SECTOR-4, ROHINI"
MANGOL PURI,4,ROHINI,"1 - POCKET B-6, SECTOR-4, ROHINI, 2 - POCKET B-9, SECTOR-4, ROHINI"
MANGOL PURI,5,ROHINI,"1 - POCKET B-7, SECTOR-4, ROHINI, 2 - POCKET B-8, SECTOR-4, ROHINI"
MANGOL PURI,6,ROHINI,"1 - POCKET H-32, SECTOR-3 ROHINI Â , 2 - POCKET H-33, SECTOR-3 ROHINI"
MANGOL PURI,7,ROHINI,"1 - MTNL STAFF QTRS PKT G-31, SECTOR-3 ROHINI, 2 - POCKET H-34, SECTOR-3, ROHINI"
MANGOL PURI,8,ROHINI,"1 - POCKET G-30, SECTOR-3, ROHINI"
MANGOL PURI,9,ROHINI,"1 - POCKET G-30, SECTOR-3, ROHINI"
MANGOL PURI,10,ROHINI,"1 - POCKET G-29, SECTOR-3 ROHINI"
MANGOL PURI,11,ROHINI,"1 - POCKET G-28, SECTOR-3 ROHINI, 2 - POCKET G-26, SECTOR-3 ROHINI"
MANGOL PURI,12,ROHINI,"1 - POCKET G-26, SECTOR-3 ROHINI, 2 - RADHA KRISHAN MANDIR, POCKET G-26, SECTOR-3 ROHINI, 3 - METERNITY HOME POCKET G-26, SECTOR-3 ROHINI"
MANGOL PURI,13,ROHINI,"1 - POCKET F-25, SECTOR-3 ROHINI"
MANGOL PURI,14,ROHINI,"1 - POCKET G-27, SECTOR-3 ROHINI"
MANGOL PURI,15,ROHINI,"1 - POCKET F-24, SECTOR-3 ROHINI"
MANGOL PURI,16,ROHINI,"1 - POCKET F-22, SECTOR-3 ROHINI, 2 - POCKET F-23, SECTOR-3 ROHINI"
MANGOL PURI,17,ROHINI,"1 - POCKET E-21, SECTOR-3, ROHINI"
MANGOL PURI,18,ROHINI,"1 - POCKET E-20, SECTOR-3, ROHINI"
MANGOL PURI,19,ROHINI,"1 - POCKET E-19, SECTOR-3, ROHINI, 2 - MAHAKALI MANDIR, POCKET E-19, SECTOR-3 ROHINI"
MANGOL PURI,20,ROHINI,"1 - POCKET E-18, SECTOR-3, ROHINI"
MANGOL PURI,21,ROHINI,"1 - POCKET D-17, SECTOR-3, ROHINI"
MANGOL PURI,22,ROHINI,"1 - POCKET D-16, SECTOR-3 ROHINI"
MANGOL PURI,23,ROHINI,"1 - POCKET D-15, SECTOR-3 ROHINI"
MANGOL PURI,24,ROHINI,"1 - POCKET D-14, SECTOR-3 ROHINI"
MANGOL PURI,25,ROHINI,"1 - POCKET C-12, SECTOR-3, ROHINI, 2 - POCKET C-13, SECTOR-3, ROHINI, 3 - BARRAC SOUTH POLICE STATION SECTOR-3 ROHINI"
MANGOL PURI,26,ROHINI,"1 - POCKET C-11, SECTOR-3, ROHINI"
MANGOL PURI,27,ROHINI,"1 - POCKET B-6, SECTOR 3, ROHINI"
MANGOL PURI,28,ROHINI,"1 - POCKET B-9, SECTOR-3, ROHINI, 2 - POCKET B-10, SECTOR 3, ROHINI"
MANGOL PURI,29,ROHINI,"1 - POCKET B-9, SECTOR-3, ROHINI"
MANGOL PURI,30,ROHINI,"1 - POCKET B-7, SECTOR 3 ROHINI"
MANGOL PURI,31,ROHINI,"1 - POCKET B-8, SECTOR 3 ROHINI"
MANGOL PURI,32,ROHINI,"1 - POCKET B-5, SECTOR 3, ROHINI, 2 - M T N L STAFF QUARTERS PLOT NO 4, SECTOR 3, ROHINI, 3 - GURUDWARA POCKET B-5, SECTOR 3, ROHINI"
MANGOL PURI,33,ROHINI,"1 - POCKET A-1, SECTOR 3, ROHINI, 2 - POCKET B-5, SECTOR 3, ROHINI, 3 - NICFS STAFF QUARTERS, SECTOR 3, ROHINI, 4 - NIGHT SHELTER ROHINI SECTOR-3 NEAR KALI MATA MANDIR"
MANGOL PURI,34,ROHINI,"1 - POCKET A-2, SECTOR 3, ROHINI"
MANGOL PURI,35,ROHINI,"1 - POCKET A-3, SECTOR 3, ROHINI"
MANGOL PURI,36,ROHINI,"1 - T-HUTS, NEAR MTNL OFFICE, SECTOR 3 ROHINI"
MANGOL PURI,37,ROHINI,"1 - T-HUTS, BACKSIDE DTC DEPOT, SECTOR 3 ROHINI, 2 - BHARTIYA YOG SANSTHAN, SECTOR-3 ROHINI"
MANGOL PURI,38,ROHINI,"1 - T-HUTS, BACKSIDE DTC DEPOT, SECTOR 3 ROHINI"
MANGOL PURI,39,ROHINI,"1 - POCKET-7, SECTOR 2, ROHINI, 2 - GRAM SABHA COLONY, POCKET-7, SECTOR 2, ROHINI, 3 - POCKET-3, LIG FLATS, SECTOR 2, ROHINI"
MANGOL PURI,40,ROHINI,"1 - POCKET-6, SECTOR-2, ROHINI"
MANGOL PURI,41,ROHINI,"1 - POCKET-6, SECTOR 2, ROHINI"
MANGOL PURI,42,ROHINI,"1 - POCKET-6, SECTOR 2, ROHINI"
MANGOL PURI,43,ROHINI,"1 - POCKET-5, SECTOR 2, ROHINI, 2 - POCKET-3, JANATA QUARTERS, SECTOR 2, ROHINI"
MANGOL PURI,44,ROHINI,"1 - POCKET-4, SECTOR 2, ROHINI"
MANGOL PURI,45,ROHINI,"1 - A-BLOCK, POCKET-00, SECTOR-2 ROHINI"
MANGOL PURI,46,ROHINI,"1 - POCKET-00, BLOCK-A, SECTOR-2, ROHINI, 2 - A-BLOCK, JANTA FLATS, POCKET-00, SECTOR-2, ROHINI"
MANGOL PURI,47,ROHINI,"1 - A BLOCK, JANTA FLATS, POCKET-00, SECTOR 2, ROHINI, 2 - HIMALAYA APPARTMENT, PHASE-1, BLOCK-A, SECTOR-2 ROHINI"
MANGOL PURI,48,ROHINI,"1 - BLOCK-A, JANTA FLATS, POCKET-00, SECTOR-2 ROHINI"
MANGOL PURI,49,ROHINI,"1 - A-BLOCK, POCKET-00, 60 MTR PLOT, SECTOR 2, ROHINI, 2 - A-BLOCK, SLUM FLAT, AVANTIKA ENCLAVE, SECTOR 2, ROHINI, 3 - JHUGGI AVANTIKA ENCLAVE, SECTOR-2 ROHINI"
MANGOL PURI,50,ROHINI,"1 - B-BLOCK, SLUM FLAT, AVANTIKA ENCLAVE, SECTOR 2, ROHINI, 2 - C-BLOCK, SLUM FLAT, AVANTIKA ENCLAVE, SECTOR 2, ROHINI"
MANGOL PURI,51,ROHINI,1 - MANGOL PUR KHURD
MANGOL PURI,52,ROHINI,1 - MANGOL PUR KHURD
MANGOL PURI,53,ROHINI,"1 - PANA MOHALLA, MANGOL PUR KALAN, 2 - PANA HARIJAN BASTI, NEAR G-BLOCK, MANGOL PUR KALAN"
MANGOL PURI,54,ROHINI,"1 - PANA MOHALLA, MANGOL PUR KALAN"
MANGOL PURI,55,ROHINI,"1 - PANA MOHALLA, MANGOL PUR KALAN"
MANGOL PURI,56,ROHINI,"1 - PANA BICHLI GALI, MANGOL PUR KALAN, 2 - MANDIR-1 PANA BICHLI GALI, MANGOL PUR KALAN"
MANGOL PURI,57,ROHINI,"1 - PANA BICHLI GALI, MANGOL PUR KALAN"
MANGOL PURI,58,ROHINI,"1 - PANA TIHAAI, MANGOL PUR KALAN"
MANGOL PURI,59,ROHINI,"1 - SANJAY NAGAR, MANGOL PUR KALAN"
MANGOL PURI,60,ROHINI,"1 - F-BLOCK T-HUTS, STONE MARKET, MANGOL PUR KALAN"
MANGOL PURI,61,ROHINI,"1 - F-BLOCK T-HUTS, STONE MARKET, MANGOL PUR KALAN"
MANGOL PURI,62,ROHINI,"1 - G-BLOCK T-HUTS, OPPOSITE VILLAGE MANGOL PURI, MANGOL PUR KALAN"
MANGOL PURI,63,MANGOLPURI,"1 - G-BLOCK, MANGOL PURI"
MANGOL PURI,64,MANGOLPURI,"1 - G-BLOCK, MANGOL PURI"
MANGOL PURI,65,MANGOLPURI,"1 - G-BLOCK, MANGOL PURI"
MANGOL PURI,66,MANGOLPURI,"1 - G-BLOCK, MANGOL PURI, 2 - MANDIR, G-BLOCK, MANGOL PURI"
MANGOL PURI,67,MANGOLPURI,"1 - PUNJABI CAMP, F BLOCK, MANGOL PURI, 2 - F-BLOCK, MANGOL PURI, 3 - S. V. MEDICAL MISSION, F-BLOCK, MANGOL PURI"
MANGOL PURI,68,MANGOLPURI,"1 - F-BLOCK, MANGOL PURI"
MANGOL PURI,69,MANGOLPURI,"1 - F-II-BLOCK, MANGOL PURI, 2 - NEW MARKET B(F-II-STALLS), MANGOL PURI"
MANGOL PURI,70,MANGOLPURI,"1 - F-BLOCK, D.D.A. FLATS, MANGOLPURI, 2 - F-II-BLOCK, MANGOL PURI"
MANGOL PURI,71,MANGOLPURI,"1 - F-BLOCK, D.D.A. FLATS, MANGOLPURI"
MANGOL PURI,72,MANGOLPURI,"1 - SHOPPING CENTER, F-BLOCK, MANGOL PURI, 2 - F-BLOCK, MANGOL PURI, 3 - MASJID, F-BLOCK, MANGOLPURI, 4 - MANDIR, F-BLOCK, MANGOL PURI"
MANGOL PURI,73,MANGOLPURI,"1 - F-BLOCK, MANGOL PURI"
MANGOL PURI,74,MANGOLPURI,"1 - F-1, BLOCK, MANGOL PURI"
MANGOL PURI,75,MANGOLPURI,"1 - F-BLOCK, MANGOL PURI"
MANGOL PURI,76,MANGOLPURI,"1 - F-BLOCK, MANGOL PURI"
MANGOL PURI,77,MANGOLPURI,"1 - E-BLOCK, MANGOL PURI"
MANGOL PURI,78,MANGOLPURI,"1 - E-BLOCK, MANGOL PURI"
MANGOL PURI,79,MANGOLPURI,"1 - E-BLOCK, MANGOL PURI"
MANGOL PURI,80,MANGOLPURI,"1 - E-BLOCK, MANGOL PURI"
MANGOL PURI,81,MANGOLPURI,"1 - E-BLOCK, MANGOL PURI, 2 - E-BLOCK, MANGOL PURI, MAHAMAYA DURGA MANDIR"
MANGOL PURI,82,MANGOL PURI,"1 - A-BLOCK, MANGOL PURI"
MANGOL PURI,83,MANGOL PURI,"1 - A-BLOCK, MANGOL PURI"
MANGOL PURI,84,MANGOL PURI,"1 - A-BLOCK, MANGOL PURI"
MANGOL PURI,85,MANGOLPURI,"1 - A-BLOCK, MANGOL PURI, 2 - A-BLOCK, JHUGGI, MANGOL PURI, 3 - A-BLOCK, HANUMAN MANDIR, MANGOL PURI, 4 - A- BLOCK, DDA MARKET, MANGOL PURI"
MANGOL PURI,86,MANGOLPURI,"1 - A-BLOCK, MANGOL PURI"
MANGOL PURI,87,MANGOLPURI,"1 - A-BLOCK, MANGOL PURI"
MANGOL PURI,88,MANGOLPURI,"1 - B-BLOCK, MANGOL PURI, 2 - MARKET-1, B-BLOCK, MANGOL PURI"
MANGOL PURI,89,MANGOLPURI,"1 - B-BLOCK, MANGOL PURI"
MANGOL PURI,90,MANGOLPURI,"1 - B-BLOCK, MANGOL PURI"
MANGOL PURI,91,MANGOLPURI,"1 - B-BLOCK, MANGOL PURI, 2 - B-BLOCK, GURUDWARA, MANGOL PURI, 3 - NAV DURGA SANTAN SHARAM B-BLOCK, MANGOL PURI, 4 - SHIV SHAKTI MANDIR B-BLOCK, MANGOL PURI, 5 - SANTAN DHARAMA MANDIR B-BLOCK, MANGOL PURI"
MANGOL PURI,92,MANGOLPURI,"1 - B-BLOCK, MANGOL PURI, 2 - NIRANKARI SATSANG BHAWAN, B-BLOCK, MANGOL PURI"
MANGOL PURI,93,MANGOLPURI,"1 - B-BLOCK, MANGOL PURI"
MANGOL PURI,94,MANGOLPURI,"1 - C-BLOCK, MANGOL PURI"
MANGOL PURI,95,MANGOLPURI,"1 - C-BLOCK, MANGOL PURI, 2 - MARKET, C-BLOCK, MANGOL PURI"
MANGOL PURI,96,MANGOLPURI,"1 - C-BLOCK, MANGOL PURI"
MANGOL PURI,97,MANGOLPURI,"1 - C-BLOCK, MANGOL PURI"
MANGOL PURI,98,MANGOLPURI,"1 - C-BLOCK, MANGOL PURI"
MANGOL PURI,99,MANGOLPURI,"1 - C-BLOCK, MANGOL PURI, 2 - C-BLOCK, JHUGGI MANGOL PURI, 3 - INDUSTRIAL AREA, PHASE-I, MANGOL PURI"
MANGOL PURI,100,MANGOLPURI,"1 - D-BLOCK, MANGOL PURI"
MANGOL PURI,101,MANGOLPURI,"1 - D-BLOCK, MANGOL PURI"
MANGOL PURI,102,MANGOLPURI,"1 - D-BLOCK, MANGOL PURI"
MANGOL PURI,103,MANGOLPURI,"1 - D-BLOCK, MANGOL PURI"
MANGOL PURI,104,MANGOLPURI,"1 - D-BLOCK, MANGOL PURI, 2 - D-BLOCK, JHUGGI, MANGOL PURI"
MANGOL PURI,105,MANGOLPURI,"1 - O-BLOCK, MANGOL PURI, 2 - SHIV MANDIR, O-BLOCK, MANGOL PURI"
MANGOL PURI,106,MANGOLPURI,"1 - O-BLOCK, MANGOL PURI, 2 - O-BLOCK, JHUGGI MANGOL PURI"
MANGOL PURI,107,MANGOLPURI,"1 - O-BLOCK, MANGOL PURI, 2 - POLICE QUARTERS, MANGOL PURI, 3 - O BLOCK, ESI QUARTERS, MANGOL PURI"
MANGOL PURI,108,MANGOLPURI,"1 - N-BLOCK, MANGOL PURI"
MANGOL PURI,109,MANGOLPURI,"1 - N-BLOCK, DDA MARKET, MANGOL PURI, 2 - N-BLOCK, MANGOL PURI"
MANGOL PURI,110,MANGOLPURI,"1 - N-BLOCK, MANGOL PURI"
MANGOL PURI,111,MANGOLPURI,"1 - N-BLOCK, MANGOL PURI, 2 - SHIV MANDIR, N-BLOCK, MANGOL PURI"
MANGOL PURI,112,MANGOLPURI,"1 - N-BLOCK, MANGOL PURI"
MANGOL PURI,113,MANGOLPURI,"1 - M-BLOCK, MANGOL PURI"
MANGOL PURI,114,MANGOLPURI,"1 - M-BLOCK, MANGOL PURI"
MANGOL PURI,115,MANGOLPURI,"1 - M-BLOCK, MANGOL PURI"
MANGOL PURI,116,MANGOLPURI,"1 - MARKET, M-BLOCK, MANGOL PURI, 2 - M-BLOCK, MANGOL PURI"
MANGOL PURI,117,MANGOLPURI,"1 - M-BLOCK, MANGOL PURI"
MANGOL PURI,118,MANGOLPURI,"1 - L-BLOCK, MANGOL PURI, 2 - L-BLOCK, JHUGGI, MANGOL PURI, 3 - MARKET L-BLOCK, MANGOL PURI"
MANGOL PURI,119,MANGOLPURI,"1 - L-BLOCK, MANGOL PURI"
MANGOL PURI,120,MANGOLPURI,"1 - L-BLOCK, MANGOL PURI"
MANGOL PURI,121,MANGOLPURI,"1 - L-BLOCK, MANGOL PURI"
MANGOL PURI,122,MANGOLPURI,"1 - L-BLOCK, MANGOL PURI"
MANGOL PURI,123,MANGOLPURI,"1 - L-BLOCK, MANGOL PURI"
MANGOL PURI,124,MANGOLPURI,"1 - L-BLOCK, MANGOL PURI"
MANGOL PURI,125,MANGOLPURI,"1 - L-BLOCK, MANGOL PURI"
MANGOL PURI,126,MANGOLPURI,"1 - L-BLOCK, MANGOL PURI"
MANGOL PURI,127,MANGOLPURI,"1 - DDA FLATS, L-BLOCK, MANGOL PURI, 2 - L-BLOCK, MANGOL PURI"
MANGOL PURI,128,MANGOLPURI,"1 - L-BLOCK, MANGOL PURI"
MANGOL PURI,129,MANGOLPURI,"1 - K-BLOCK, MANGOL PURI, 2 - JHUGGI, K-BLOCK, MANGOL PURI"
MANGOL PURI,130,MANGOLPURI,"1 - K-BLOCK, MANGOL PURI, 2 - G S MANDIR, K-BLOCK, MANGOL PURI"
MANGOL PURI,131,MANGOLPURI,"1 - K-BLOCK, MANGOL PURI"
MANGOL PURI,132,MANGOLPURI,"1 - K-BLOCK, MANGOL PURI"
MANGOL PURI,133,MANGOLPURI,"1 - K-BLOCK, MANGOL PURI, 2 - MARKET K-BLOCK, MANGOL PURI"
MANGOL PURI,134,MANGOLPURI,"1 - K-BLOCK, MANGOL PURI"
MANGOL PURI,135,MANGOLPURI,"1 - X-BLOCK, MANGOL PURI, 2 - S G H STAFF QUARTERS, K-BLOCK, MANGOL PURI"
MANGOL PURI,136,MANGOLPURI,"1 - K-BLOCK, MANGOL PURI"
MANGOL PURI,137,MANGOLPURI,"1 - T-HUTS, X-BLOCK, MANGOLPURI, 2 - NETRAHIN KALYANKARI SANSTHAN, X-BLOCK, MANGOLPURI, 3 - X-BLOCK, MANGOL PURI"
MANGOL PURI,138,MANGOLPURI,"1 - X-BLOCK, MANGOL PURI"
MANGOL PURI,139,MANGOLPURI,"1 - X-BLOCK, MANGOL PURI"
MANGOL PURI,140,MANGOLPURI,"1 - P-1 BLOCK, MANGOL PURI, 2 - P-2 BLOCK, MANGOL PURI"
MANGOL PURI,141,MANGOLPURI,"1 - P-2 BLOCK, MANGOL PURI, 2 - P-3 BLOCK, MANGOL PURI"
MANGOL PURI,142,MANGOLPURI,"1 - P-3 BLOCK, MANGOL PURI"
MANGOL PURI,143,MANGOLPURI,"1 - P-4 BLOCK, MANGOL PURI, 2 - P-5 BLOCK, MANGOL PURI"
MANGOL PURI,144,MANGOLPURI,"1 - P-5 BLOCK, MANGOL PURI, 2 - P-6 BLOCK, MANGOL PURI"
MANGOL PURI,145,MANGOLPURI,"1 - P-7 BLOCK, MANGOL PURI, 2 - P-8 BLOCK, MANGOL PURI, 3 - SHIV MANDIR, P-BLOCK, MANGOL PURI, 4 - HUTS, P-BLOCK, MANGOL PURI"
MANGOL PURI,146,MANGOLPURI,"1 - Q-3 BLOCK, MANGOL PURI, 2 - Q-4 BLOCK, MANGOL PURI, 3 - Q-4-JHUGGI, MANGOL PURI"
MANGOL PURI,147,MANGOLPURI,"1 - Q-1 BLOCK, MANGOL PURI, 2 - Q-2 BLOCK, MANGOLPURI, 3 - MARKET Q BLOCK, MANGOL PURI"
MANGOL PURI,148,MANGOLPURI,"1 - Q-5 BLOCK, MANGOL PURI"
MANGOL PURI,149,MANGOLPURI,"1 - Q-6 BLOCK, MANGOL PURI"
MANGOL PURI,150,MANGOLPURI,"1 - Q-7 BLOCK, MANGOL PURI, 2 - Q-11 BLOCK, MANGOL PURI"
MANGOL PURI,151,MANGOLPURI,"1 - Q-8 BLOCK, MANGOL PURI"
MANGOL PURI,152,MANGOLPURI,"1 - Q-9 BLOCK, MANGOL PURI"
MANGOL PURI,153,MANGOLPURI,"1 - Q-10 BLOCK, MANGOL PURI"
MANGOL PURI,154,MANGOLPURI,"1 - R-BLOCK, MANGOL PURI"
MANGOL PURI,155,MANGOLPURI,"1 - R-BLOCK, MANGOL PURI, 2 - R-BLOCK MARKET, MANGOL PURI"
MANGOL PURI,156,MANGOLPURI,"1 - R-BLOCK, MANGOL PURI, 2 - R-BLOCK,NIGHT SHELTER MANGOL PURI"
MANGOL PURI,157,MANGOLPURI,"1 - R-BLOCK, MANGOL PURI"
MANGOL PURI,158,MANGOLPURI,"1 - R-BLOCK, MANGOL PURI"
MANGOL PURI,159,MANGOLPURI,"1 - R-BLOCK, MANGOL PURI, 2 - MANDIR, R-BLOCK, MANGOL PURI, 3 - GURUDWARA, R-BLOCK, MANGOL PURI"
MANGOL PURI,160,MANGOLPURI,"1 - R-BLOCK, MANGOL PURI"
MANGOL PURI,161,MANGOLPURI,"1 - S-BLOCK, MANGOL PURI, 2 - MARKET, S-BLOCK MANGOL PURI"
MANGOL PURI,162,MANGOLPURI,"1 - S-BLOCK, MANGOL PURI"
MANGOL PURI,163,MANGOLPURI,"1 - S-BLOCK, MANGOL PURI"
MANGOL PURI,164,MANGOLPURI,"1 - S-BLOCK, MANGOL PURI"
MANGOL PURI,165,MANGOLPURI,"1 - S-BLOCK, MANGOL PURI"
MANGOL PURI,166,MANGOLPURI,"1 - S-BLOCK, MANGOL PURI"
MANGOL PURI,167,MANGOLPURI,"1 - S-BLOCK, MANGOL PURI"
MANGOL PURI,168,MANGOLPURI,"1 - S-BLOCK, MANGOL PURI"
MANGOL PURI,169,MANGOLPURI,"1 - T-BLOCK, MANGOL PURI"
MANGOL PURI,170,MANGOLPURI,"1 - T-BLOCK, MANGOL PURI"
MANGOL PURI,171,MANGOLPURI,"1 - T-BLOCK, MANGOL PURI"
MANGOL PURI,172,MANGOLPURI,"1 - T-BLOCK, MANGOL PURI"
MANGOL PURI,173,MANGOLPURI,"1 - T-BLOCK, MANGOL PURI"
MANGOL PURI,174,MANGOLPURI,"1 - T-BLOCK, MANGOL PURI"
MANGOL PURI,175,MANGOLPURI,"1 - T-BLOCK, MANGOL PURI"
MANGOL PURI,176,MANGOLPURI,"1 - T-BLOCK, MANGOL PURI, 2 - DDA MARKET, T-BLOCK, MANGOL PURI"
MANGOL PURI,177,MANGOLPURI,"1 - U-BLOCK, MANGOL PURI"
MANGOL PURI,178,MANGOLPURI,"1 - T HUTS, U-BLOCK, MANGOL PURI, 2 - U-BLOCK, MANGOL PURI"
MANGOL PURI,179,MANGOLPURI,"1 - U-BLOCK, MANGOL PURI, 2 - DDA MARKET, U-BLOCK, MANGOL PURI, 3 - MANDIR, U-BLOCK, MANGOL PURI"
MANGOL PURI,180,MANGOLPURI,"1 - U-BLOCK, MANGOL PURI, 2 - EMC (CHARCH) U-BLOCK, MANGOL PURI"
